Subject,WORDPAIRLIST_S1,LE_Score_S1,INITIALTESTSCORE_S1,TEST2_S1,TEST3_S1,TEST4_S1,TEST5_S1,TEST6_S1,TEST7_S1,TEST8_S1,TEST9_S1,TEST10_S1,TEST11_S1,TEST12_S1,TEST13_S1,TEST14_S1,TEST15_S1,TEST16_S1,TESTSTOCRITERION_S1,FINALTESTSCORE_S1,INTEREST_S1_1to5,DIFFICULTY_S1_1to5,EFFORT_S1_1to5,YoE,Sex,RACE,Hispanic_Latino,Experiment_Length_A_Min,TimeBetweenSessions_Hours,WORDPAIRLIST_S2,LE_Score_S2,INITIALTESTSCORE_S2,TEST2_S2,TEST3_S2,TEST4_S2,TEST5_S2,TEST6_S2,TEST7_S2,TEST8_S2,TEST9_S2,TEST10_S2,TEST11_S2,TEST12_S2,TEST13_S2,TEST14_S2,TEST15_S2,TEST16_S2,TESTSTOCRITERION_S2,FINALTESTSCORE_S2,INTEREST_S2_1to5,DIFFICULTY_S2_1to5,EFFORT_S2_1to5,Experiment_Length_B_Mins,Age_Years
s1,A,-0.621146667,4,13,18,26,31,39,43,44,45,,,,,,,,9,27,5,4,5,13,Male,White / Caucasian,No,48.57,23.67,B,-1.52359,2,10,15,19,27,32,36,37,38,39,41,43,43,45,,,14,23,5,4,5,60.9,40.09
s2,B,-0.561033333,5,15,20,28,30,34,37,41,43,45,,,,,,,10,30,4,4,5,16,Female,White / Caucasian,No,51.04,14.03,A,-0.34542,3,14,20,31,36,42,44,45,,,,,,,,,8,34,4,4,5,44.16,24.37
s3,A,0.003266667,4,10,17,25,32,37,44,45,,,,,,,,,8,39,,3,5,17,Male,Black / African American,No,50.13,47.57,B,0.09208,8,14,21,30,36,42,45,,,,,,,,,,7,37,4,4,4,50.56,23.33
s4,A,-0.033063333,6,13,20,28,37,41,45,,,,,,,,,,7,33,3,4,5,16,Male,White / Caucasian,No,59.49,24.37,B,-0.38114,6,11,22,28,32,38,41,44,45,,,,,,,,9,33,3,4,4,72.9,23.96
s5,B,-0.97401,5,14,22,29,35,38,40,41,41,43,45,,,,,,11,23,3,5,5,13,Female,Black / African American,No,75.29,25.95,A,-0.58955,15,19,26,35,38,44,44,45,,,,,,,,,8,15,3,4,5,48.59,21.5
s6,A,-0.84715,5,13,18,22,30,33,39,40,42,44,45,,,,,,11,26,3,5,5,15,Female,White / Caucasian,Yes,56.95,40.02,B,-1.13157,2,7,9,12,20,25,31,35,36,38,42,45,,,,,12,27,3,5,5,57.92,21.03
s7,A,-0.59078,0,5,11,18,24,29,31,38,41,44,45,,,,,,11,38,5,5,5,15,Male,White / Caucasian,No,93.47,24.13,B,-0.38536,4,12,19,27,33,38,42,44,45,,,,,,,,9,35,5,5,5,44.97,37.41
s8,A,-0.049596667,8,18,28,33,38,38,40,45,,,,,,,,,8,33,3,4,5,16,Female,White / Caucasian,No,54.41,56.72,B,1.0889,21,35,42,44,45,,,,,,,,,,,,5,43,4,3,5,35.21,32.78
s9,A,0.750596667,22,34,39,43,45,,,,,,,,,,,,5,27,3,5,5,18,Male,White / Caucasian,No,33.52,69.44,B,0.47726,23,33,40,44,45,,,,,,,,,,,,5,25,3,5,5,35.06,33.3
s10,B,-0.514756667,8,18,20,24,32,37,43,45,,,,,,,,,8,22,3,5,5,18,Female,White / Caucasian,No,62.73,72.37,A,0.85162,18,30,38,43,45,,,,,,,,,,,,5,40,5,4,5,38.96,32.41
s11,B,-0.180446667,5,14,24,28,32,37,39,42,44,45,,,,,,,10,39,5,4,5,14,Female,White / Caucasian,No,66,16.55,A,0.40079,5,25,37,43,45,,,,,,,,,,,,5,42,5,4,5,35.03,35.8
s12,B,0.103696667,6,17,24,30,36,42,43,45,,,,,,,,,8,39,3,4,5,13,Female,White / Caucasian,No,46.61,64.72,A,0.72349,12,20,33,42,45,,,,,,,,,,,,5,43,5,4,5,35.03,24.14
s13,A,0.037623333,3,12,22,31,39,42,44,45,,,,,,,,,8,41,5,5,5,12,Female,White / Caucasian,No,46.65,23.29,B,-0.07243,3,18,29,34,40,43,45,,,,,,,,,,7,38,5,5,5,39.18,37.92
s14,A,-0.91322,2,4,15,23,27,30,36,37,42,43,45,,,,,,11,28,5,3,5,13,Female,White / Caucasian,No,57.32,24.75,B,-1.28265,0,6,12,18,26,29,35,42,44,45,,,,,,,10,19,5,4,5,60.88,29.78
s15,B,-0.083953333,9,13,19,24,34,41,43,45,,,,,,,,,8,31,3,4,4,12,Male,White / Caucasian,No,,28.24,A,-0.14164,5,22,27,35,43,45,,,,,,,,,,,6,31,4,4,4,44.5,26.13
s16,B,-0.383956667,6,15,20,26,33,36,38,42,43,45,,,,,,,10,33,4,5,5,12,Male,White / Caucasian,No,50.56,24.3,A,-0.25301,12,20,28,32,37,39,42,44,45,,,,,,,,9,30,4,5,5,40.67,29.84
s17,B,0.286733333,9,16,28,33,41,43,45,,,,,,,,,,7,37,4,3,5,15,Female,White / Caucasian,No,47.91,23.88,A,0.44483,11,20,28,32,39,44,45,,,,,,,,,,7,43,5,3,5,42.62,37.15
s18,B,-1.191406667,3,10,16,22,27,29,32,35,39,43,44,45,,,,,12,23,5,5,5,18,Male,Black / African American,No,,25.22,A,-1.40523,0,5,12,17,24,26,35,37,39,41,43,45,,,,,12,22,5,5,5,63.91,40.2
s19,A,0.28741,5,22,30,39,42,45,,,,,,,,,,,6,39,5,4,4,14,Male,White / Caucasian,,40,18.92,B,0.01088,6,19,32,34,40,43,45,,,,,,,,,,7,37,5,4,4,57.5,26.38
s20,B,0.448633333,4,19,31,42,44,45,,,,,,,,,,,6,44,4,4,5,16,Female,Asian,No,41.93,47.62,A,0.67867,9,23,40,44,45,,,,,,,,,,,,5,45,3,4,4,35.72,22.41
s21,B,1.041323333,16,30,38,43,45,,,,,,,,,,,,5,41,5,4,5,13,Male,White / Caucasian,No,35.7,24.29,A,0.64573,15,30,39,42,44,44,45,,,,,,,,,,7,44,5,4,5,33.77,40.68
s22,B,-0.054263333,9,15,19,25,33,34,35,39,41,44,45,,,,,,11,40,5,5,5,17,Male,White / Caucasian,No,55.44,49.39,A,-0.54288,4,11,28,33,36,40,41,42,44,45,,,,,,,10,34,5,5,5,47.9,60.93
s23,B,-0.965406667,2,12,20,21,31,33,38,41,42,45,,,,,,,10,24,4,5,5,15,Female,More Than One Race,Yes,53.01,45.58,A,-1.12669,6,9,14,19,24,30,34,34,35,39,41,43,45,,,,13,26,4,5,5,56.74,38.41
s24,B,0.577453333,19,28,37,40,43,44,45,,,,,,,,,,7,32,4,5,5,14,Female,White / Caucasian,No,36.3,30.8,A,1.25697,26,37,43,45,,,,,,,,,,,,,4,39,5,5,5,30.05,30.08
s25,A,0.429453333,11,21,33,37,40,44,45,,,,,,,,,,7,38,5,4,5,12,Female,White / Caucasian,No,40.25,20.24,B,0.28876,10,19,30,38,44,44,45,,,,,,,,,,7,40,5,4,5,39.46,32.33
s26,B,0.421526667,10,18,29,37,40,44,45,,,,,,,,,,7,39,5,5,5,15,Female,White / Caucasian,No,55.65,30.95,A,0.17118,9,21,27,34,40,43,45,,,,,,,,,,7,38,5,5,5,42.93,56.14
s27,B,-0.496253333,5,12,26,34,39,43,43,45,,,,,,,,,8,26,5,4,5,14,Female,White / Caucasian,No,51.51,38.6,A,-0.28794,12,20,28,36,39,41,43,45,,,,,,,,,8,26,5,5,5,46.24,56.06
s28,A,-0.150026667,6,17,25,31,37,41,44,45,,,,,,,,,8,33,4,3,4,17,Female,More Than One Race,No,47.56,13.77,B,-0.18091,8,18,29,33,39,42,44,45,,,,,,,,,8,33,4,4,4,39.88,24.92
s29,B,0.286056667,13,20,31,36,40,43,44,45,,,,,,,,,8,35,5,,5,17,Male,Black / African American,No,45.43,21.23,A,0.49665,19,29,35,40,42,44,44,45,,,,,,,,,8,39,5,3,5,36.73,28.72
s30,A,0.205473333,16,28,32,37,41,45,,,,,,,,,,,6,24,5,5,5,12,Female,White / Caucasian,No,37.4,19.8,B,-0.43203,15,22,26,40,43,44,45,,,,,,,,,,7,16,5,5,5,36.83,25.18
s31,A,1.057856667,14,31,42,45,,,,,,,,,,,,,4,41,4,5,5,16,Male,White / Caucasian,Yes,43.3,21.93,B,1.49147,26,43,45,,,,,,,,,,,,,,3,42,5,5,5,32.84,50.76
s32,A,-0.314563333,0,11,21,33,40,42,44,44,45,,,,,,,,9,39,2,5,5,13,Female,American Indian / Alaskan Native,No,46.96,19.47,B,-0.14808,7,16,23,31,35,39,43,44,45,,,,,,,,9,38,3,5,5,50.12,21.21
s33,A,0.70567,11,28,38,41,45,,,,,,,,,,,,5,39,4,4,5,16,Male,White / Caucasian,No,41.34,24.19,B,-0.22084,9,20,26,37,40,41,42,44,45,,,,,,,,9,34,2,5,4,41.95,26.83
s34,B,1.829596667,26,39,42,45,,,,,,,,,,,,,4,45,5,2,5,17,,White / Caucasian,No,32.87,21.73,A,1.49069,29,40,42,44,45,,,,,,,,,,,,5,45,5,1,5,,27.91
s35,A,0.412243333,17,23,25,30,35,39,42,43,45,,,,,,,,9,36,4,5,5,14,Male,American Indian / Alaskan Native,No,43.92,28.73,B,-0.33276,9,18,27,34,39,43,44,45,,,,,,,,,8,28,5,4,5,54.78,34.24
s36,A,1.25872,18,33,43,45,,,,,,,,,,,,,4,41,4,3,5,16,Female,White / Caucasian,No,37.32,19.56,B,1.09101,22,33,44,44,45,,,,,,,,,,,,5,42,4,3,4,32.67,25.71
s37,A,-0.040376667,12,18,27,32,36,41,42,43,44,45,,,,,,,10,34,5,5,5,12,Female,White / Caucasian,No,47.04,24.91,B,-0.65979,5,15,22,28,36,38,42,43,44,44,45,,,,,,11,33,5,4,5,49.94,48.87
s38,A,2.82469,42,45,,,,,,,,,,,,,,,2,44,4,2,5,13,Female,More Than One Race,,34.79,23.65,B,2.0641,42,44,45,,,,,,,,,,,,,,3,40,4,2,5,29.25,20.39
s39,A,-0.861036667,2,11,18,26,31,35,39,42,44,44,44,45,,,,,12,32,5,5,5,12,Male,White / Caucasian,No,61.04,20.42,B,-0.24801,11,21,33,40,41,43,45,,,,,,,,,,7,25,4,5,5,45.58,
s40,B,1.829596667,26,37,44,45,,,,,,,,,,,,,4,45,5,4,5,18,Female,,No,33.69,21.17,A,1.52996,26,41,45,,,,,,,,,,,,,,3,43,5,4,5,27.94,40.34
s41,A,-0.327103333,5,13,18,25,33,37,40,45,,,,,,,,,8,30,5,4,5,16,Male,White / Caucasian,No,56.27,20.55,B,-0.38325,5,13,23,28,32,38,42,44,45,,,,,,,,9,34,5,4,5,48.9,26.1
s42,A,-0.51082,6,14,20,25,29,35,40,42,44,45,,,,,,,10,30,4,4,5,20,Female,White / Caucasian,No,49.14,25.11,B,-0.26566,6,15,24,27,31,37,38,43,45,,,,,,,,9,36,4,3,5,45.48,34.21
s43,B,-0.591456667,4,13,19,25,35,38,41,42,42,42,43,45,,,,,12,36,3,3,5,15,Female,White / Caucasian,Prefer Not to Respond,56.03,69.91,A,-0.57437,9,17,20,28,34,37,41,41,43,44,45,,,,,,11,31,3,3,5,49.59,37.41
s44,B,0.027726667,3,21,26,35,38,44,45,,,,,,,,,,7,38,4,5,5,16,Female,White / Caucasian,No,102.07,24.62,A,0.52748,12,23,31,39,43,45,,,,,,,,,,,6,41,5,4,5,36.9,31.99
s45,B,-0.009276667,9,15,30,36,42,42,45,,,,,,,,,,7,30,3,5,5,12,Male,White / Caucasian,Yes,65.38,46.19,A,-0.52811,11,18,23,27,32,37,40,41,43,45,,,,,,,10,27,4,5,5,67.18,24.51
s46,A,1.221716667,24,43,44,45,,,,,,,,,,,,,4,33,5,4,5,16,Female,White / Caucasian,No,36.66,64.94,B,0.63611,27,40,44,44,44,45,,,,,,,,,,,6,28,4,4,4,40.11,27.58
s47,A,0.5801,14,24,30,37,42,44,45,,,,,,,,,,7,38,5,4,5,18,Male,White / Caucasian,No,38.82,26.24,B,0.70254,22,31,37,41,44,45,,,,,,,,,,,6,35,5,4,5,36.33,31.84
s48,A,-0.727536667,0,6,14,18,24,31,38,39,43,45,,,,,,,10,32,2,5,5,15,Female,White / Caucasian,No,56.36,36.24,B,-0.38114,6,16,24,28,33,37,41,44,45,,,,,,,,9,33,3,4,5,56.95,36.21
s49,B,-1.266083333,3,7,14,21,26,30,34,36,36,38,41,41,,,,,13,24,5,,5,13,Male,White / Caucasian,No,59.72,24.58,A,-1.10614,9,16,23,31,31,38,41,44,45,,,,,,,,9,11,5,5,5,47.28,28.57
s50,A,0.127483333,9,20,28,34,38,40,43,45,,,,,,,,,8,36,3,5,5,16,Female,White / Caucasian,No,40.27,18.7,B,0.56808,13,21,31,40,42,45,,,,,,,,,,,6,41,4,4,5,35.26,24.52
s51,A,0.514026667,11,26,32,40,42,44,45,,,,,,,,,,7,40,3,4,4,16,Male,White / Caucasian,No,38.42,17.38,B,1.01192,21,31,40,44,45,,,,,,,,,,,,5,41,2,3,3,33.42,22.55
s52,A,-1.54427,4,9,13,18,23,30,32,33,39,41,43,44,44,45,,,14,19,4,4,5,22,Male,White / Caucasian,Prefer Not to Respond,61.88,40.61,B,-0.91158,10,21,27,31,37,40,44,44,45,,,,,,,,9,15,4,4,5,70.51,26.57
s53,A,1.729163333,24,35,44,,,,,,,,,,,,,,4,45,5,4,5,19,Male,Asian,No,31.74,39.15,B,1.12817,18,38,45,,,,,,,,,,,,,,3,41,5,5,5,28.27,37.58
s54,A,0.447333333,17,26,33,45,,,,,,,,,,,,,4,23,5,5,5,14,Male,White / Caucasian,No,99.32,55.23,B,0.07125,13,20,33,44,45,,,,,,,,,,,,5,25,5,,5,92.17,33.27
s55,B,0.672603333,15,26,32,38,43,44,45,,,,,,,,,,7,39,5,3,5,15,Female,White / Caucasian,No,38.44,13.34,A,1.04552,17,28,41,45,,,,,,,,,,,,,4,43,5,3,5,40.44,29.17
s56,B,-1.07118,5,10,13,19,22,26,31,32,36,37,38,39,43,45,,,14,29,4,5,5,12,Female,White / Caucasian,No,63.08,21.64,A,-0.96628,4,9,17,23,29,34,38,42,43,45,,,,,,,10,23,4,5,5,51.74,41.86
s57,B,-0.126856667,2,19,34,44,45,,,,,,,,,,,,5,30,1,4,5,16,Female,White / Caucasian,No,42.99,26.26,A,1.62304,37,41,43,43,45,,,,,,,,,,,,5,40,1,4,5,50.55,20.75
s58,B,0.214703333,4,13,27,31,39,42,44,45,,,,,,,,,8,44,4,4,5,15,Male,Black / African American,No,59.89,54.33,A,0.53103,12,29,38,44,45,,,,,,,,,,,,5,38,4,4,5,109.3,35.17
s59,A,-1.27795,4,11,15,23,29,35,38,41,42,44,45,,,,,,11,17,2,5,5,15,Male,White / Caucasian,No,51.19,24.03,B,-0.81165,6,13,21,23,30,33,35,41,42,42,45,,,,,,11,28,4,5,5,98.52,38.68
s60,B,0.630993333,11,26,34,41,43,45,,,,,,,,,,,6,40,5,3,5,12,Female,White / Caucasian,No,36.98,21.86,A,0.60935,16,27,36,42,44,44,45,,,,,,,,,,7,42,5,3,5,34.84,32.14
s61,B,-0.821393333,7,10,17,20,22,35,37,41,43,43,44,45,,,,,12,27,5,5,5,13,Male,Black / African American,No,58.48,39.3,A,-0.95796,13,21,26,30,32,34,36,37,39,40,44,44,45,,,,13,23,5,5,5,57.98,39.35
s62,A,-1.032153333,3,6,14,22,24,25,27,33,35,43,45,,,,,,11,24,3,5,5,16,Female,White / Caucasian,No,58.66,26.62,B,-0.65202,7,10,13,19,23,29,35,40,44,45,,,,,,,10,28,4,5,5,57.28,25.4
s63,A,0.882746667,12,16,34,43,45,,,,,,,,,,,,5,42,5,4,4,19,Male,White / Caucasian,Yes,38.98,19.52,B,0.88589,16,32,40,44,45,,,,,,,,,,,,5,43,4,4,5,31.83,26
s64,A,0.57285,9,23,34,42,44,45,,,,,,,,,,,6,41,4,5,5,16,,White / Caucasian,No,38.23,28.61,B,0.52326,10,22,31,38,42,45,,,,,,,,,,,6,43,4,5,5,36.68,22.61
s65,B,-1.25152,2,4,6,17,27,35,37,41,43,44,45,,,,,,11,20,2,5,5,20,Male,Asian,Yes,66.33,25.62,A,0.15034,14,24,32,41,45,,,,,,,,,,,,5,26,4,5,5,47.62,27.78
s66,A,-0.09981,7,9,18,27,33,40,43,45,,,,,,,,,8,33,4,4,5,16,Male,White / Caucasian,No,47.5,22.14,B,0.16629,5,13,22,33,41,45,,,,,,,,,,,6,39,5,3,5,41.23,31.95
s67,B,-0.292746667,4,14,21,26,35,39,42,45,,,,,,,,,8,32,5,4,4,20,Male,White / Caucasian,No,55.64,43.85,A,-1.00122,4,10,22,29,34,37,40,44,45,,,,,,,,9,19,5,4,5,43.95,27.08
s68,A,0.7321,9,26,37,43,45,,,,,,,,,,,,5,42,5,4,5,18,Male,White / Caucasian,No,45.33,21.69,B,-0.26,7,15,23,31,35,41,44,45,,,,,,,,,8,32,4,5,4,46.01,31.73
s69,A,-0.249166667,7,16,25,34,37,39,43,44,44,45,,,,,,,10,35,5,5,5,12,Male,Black / African American,No,47.43,27.06,B,-1.59847,3,5,9,12,14,18,25,30,34,37,40,40,43,45,,,14,20,5,5,5,,29.31
s70,A,0.052803333,9,15,24,31,36,42,44,44,45,,,,,,,,9,37,5,3,5,13,Male,White / Caucasian,No,45.56,23.26,B,-0.34331,4,15,25,31,36,40,43,45,,,,,,,,,8,33,5,4,5,41.82,35.92
s71,B,0.112293333,19,25,40,40,43,44,45,,,,,,,,,,7,21,3,5,5,,Male,White / Caucasian,No,52.51,25.74,A,1.12184,15,43,45,,,,,,,,,,,,,,3,44,1,5,5,36.15,23.09
s72,A,-0.131523333,3,10,20,30,34,38,43,45,,,,,,,,,8,37,4,4,5,14,Female,White / Caucasian,No,45.26,24.1,B,-0.11026,5,12,20,29,32,37,42,45,,,,,,,,,8,38,4,4,5,43.01,21.44
s73,B,-0.349596667,5,8,17,23,31,38,39,41,43,45,,,,,,,10,35,4,5,5,12,Female,White / Caucasian,Yes,50.85,15.37,A,-0.49384,9,14,24,29,34,39,43,44,44,45,,,,,,,10,30,4,5,5,44.72,23.49
s74,B,-0.944266667,10,21,24,28,30,37,41,43,44,45,,,,,,,10,15,3,5,5,16,Female,White / Caucasian,No,49.94,62.17,A,-0.48251,11,21,30,34,39,40,44,45,,,,,,,,,8,22,3,5,5,46.04,35.16
s75,A,-0.163246667,15,27,31,33,38,42,43,45,,,,,,,,,8,22,3,5,5,15,Female,White / Caucasian,No,57.05,62.16,B,0.75514,27,34,41,44,45,,,,,,,,,,,,5,28,4,5,5,,37.3
s76,B,-0.327103333,5,8,19,25,31,35,42,45,,,,,,,,,8,30,4,5,5,16,Female,White / Caucasian,No,49.04,25.67,A,-0.54077,5,12,18,31,31,39,42,43,44,45,,,,,,,10,33,4,5,5,47.59,33.18
s77,B,-0.811496667,7,18,25,27,30,32,37,40,41,43,44,44,45,,,,13,30,3,5,5,15,Female,White / Caucasian,No,52.45,24.68,A,-0.49317,11,26,31,35,38,39,40,42,43,43,45,,,,,,11,31,4,5,5,42.29,24.5
s78,B,-0.75729,11,16,23,27,30,34,39,39,42,44,45,,,,,,11,21,5,5,5,4,Female,White / Caucasian,No,71.08,50.62,A,-1.47866,0,12,20,24,26,31,36,39,40,43,45,,,,,,11,17,4,5,5,60.13,50.06
s79,B,0.27813,12,20,26,31,38,42,44,45,,,,,,,,,8,36,4,4,5,15,Male,White / Caucasian,No,43.99,28.93,A,0.41267,14,22,31,41,42,44,45,,,,,,,,,,7,39,4,5,5,93.93,29.76
s80,A,0.413596667,9,19,26,33,38,41,45,,,,,,,,,,7,40,2,5,5,20,Female,White / Caucasian,No,41.65,44.95,B,-0.07176,5,19,28,38,43,44,44,45,,,,,,,,,8,39,2,5,5,39.48,30.58
s81,A,0.16651,7,8,38,38,45,,,,,,,,,,,,5,31,5,3,5,18,Male,More Than One Race,Yes,48.67,23.48,B,0.52419,27,27,41,44,45,,,,,,,,,,,,5,22,5,5,5,32.47,25.2
s82,B,1.22633,18,33,41,44,45,,,,,,,,,,,,5,43,5,4,5,16,Male,White / Caucasian,No,35.41,41,A,1.53207,27,40,45,,,,,,,,,,,,,,3,42,4,3,5,29.52,29.64
s83,A,-0.83725,5,7,11,22,25,27,34,38,41,43,44,45,,,,,12,29,4,4,5,16,Male,White / Caucasian,No,54.68,45.02,B,-0.62908,3,13,16,23,28,32,38,39,41,43,44,45,,,,,12,39,5,4,5,56.7,28.79
s84,A,-0.414323333,10,21,30,34,40,40,42,45,,,,,,,,,8,22,5,4,5,20,Female,White / Caucasian,No,44.99,19.56,B,0.0221,13,20,25,36,40,43,44,45,,,,,,,,,8,33,5,4,5,42.05,28.74
s85,A,0.763136667,17,23,33,42,43,45,,,,,,,,,,,6,36,5,5,5,12,Female,White / Caucasian,No,39.03,24.85,B,0.33569,14,26,33,36,39,43,45,,,,,,,,,,7,37,5,4,5,38.01,42.43
s86,A,-0.601353333,4,10,21,26,29,33,36,38,41,44,45,,,,,,11,33,4,5,5,16,Male,White / Caucasian,No,61.11,27.67,B,0.0151,8,17,31,37,42,44,45,,,,,,,,,,7,35,4,5,5,37.19,27.22
s87,B,-0.436816667,10,15,22,27,29,35,38,42,44,45,,,,,,,10,27,4,4,5,17,Male,White / Caucasian,No,48.03,23.56,A,-0.61775,5,11,16,23,27,34,36,40,43,45,,,,,,,10,31,4,4,5,90.13,27.19
s88,A,-0.409033333,0,10,20,26,33,38,43,45,,,,,,,,,8,34,5,4,4,11,Male,White / Caucasian,No,57.47,21.45,B,-0.70106,2,11,16,21,28,29,32,38,43,45,,,,,,,10,32,4,4,5,52.76,31.85
s89,B,0.295953333,13,16,23,30,37,40,43,44,45,,,,,,,,9,38,5,5,5,17,Female,White / Caucasian,No,44.55,24.27,A,-0.69762,7,17,26,31,36,41,42,43,43,44,44,45,,,,,12,33,5,5,5,44.05,52.33
s90,A,-1.121396667,4,8,16,18,25,30,32,34,37,39,41,42,44,45,,,14,29,5,5,5,17,Female,Asian,No,65.03,59.16,B,-0.58137,4,9,19,26,31,34,39,40,44,45,,,,,,,10,33,5,4,5,51.26,34.19
s91,A,0.39841,19,27,31,35,40,45,,,,,,,,,,,6,25,4,4,5,16,Female,Asian,No,39.42,26.86,B,-0.2509,13,21,28,32,37,39,44,44,45,,,,,,,,9,29,4,4,5,43.46,43.1
s92,A,0.445986667,9,22,29,39,43,45,,,,,,,,,,,6,38,5,4,5,15,Female,White / Caucasian,No,40.86,13.86,B,-0.34265,6,13,19,29,37,39,41,44,45,,,,,,,,9,34,5,4,5,44.32,66.72
s93,B,0.00855,10,21,27,30,39,,44,45,,,,,,,,,8,32,4,5,5,14,Female,White / Caucasian,No,44.97,24.16,A,-0.61142,8,14,24,29,32,35,37,40,42,45,,,,,,,10,28,4,5,5,46.79,50.19
s94,A,-0.87161,6,8,14,18,22,27,30,33,38,40,43,45,,,,,12,27,5,3,5,,,More Than One Race,,,47.43,B,-1.21711,3,6,12,16,24,29,32,36,36,39,39,41,42,44,45,,15,33,5,4,5,64.81,22.39
s95,A,1.276546667,19,34,42,44,45,,,,,,,,,,,,5,43,5,4,5,17,Female,White / Caucasian,No,34.04,32.64,B,0.3287,9,22,32,38,44,45,,,,,,,,,,,6,39,4,5,5,37.97,30.08
s96,B,0.36338,8,17,23,30,41,43,45,,,,,,,,,,7,40,4,4,5,12,,White / Caucasian,No,45.16,22.39,A,0.28598,7,20,31,42,44,45,,,,,,,,,,,6,40,5,4,5,37.07,26.61
s97,B,0.387843333,7,22,30,40,43,45,,,,,,,,,,,6,39,5,4,5,,Female,More Than One Race,Yes,43.47,13.5,A,0.64795,11,31,41,45,,,,,,,,,,,,,4,39,5,4,5,32.04,34.64
s98,A,-2.496406667,0,2,9,14,15,21,22,24,30,32,38,41,42,44,45,,15,4,5,5,5,16,Female,Black / African American,No,90.63,49.22,B,-1.26788,7,15,19,22,27,32,34,38,38,45,,,,,,,10,12,5,5,5,69.12,44.29
s99,A,0.478993333,16,26,32,37,42,44,44,45,,,,,,,,,8,36,5,3,5,21,Male,White / Caucasian,No,44.45,54.48,B,0.57996,22,32,40,42,42,43,44,45,,,,,,,,,8,38,5,3,5,35.25,57.44
s100,B,-0.57093,5,16,20,25,31,37,40,40,45,,,,,,,,9,27,2,5,5,16,Female,White / Caucasian,No,61.32,18.79,A,-0.33698,7,14,24,33,35,39,39,45,,,,,,,,,8,30,2,5,5,46.15,63.65
s101,A,0.64685,13,22,34,38,44,45,,,,,,,,,,,6,38,5,5,5,16,Male,White / Caucasian,No,53.44,31.35,B,0.79007,27,34,38,40,42,45,,,,,,,,,,,6,32,5,,5,31.59,39.47
s102,A,0.5061,10,22,31,39,43,44,45,,,,,,,,,,7,41,5,3,5,15,Female,White / Caucasian,No,38.41,22.39,B,0.44417,9,24,35,40,43,45,,,,,,,,,,,6,42,5,3,5,35.26,21.96
s103,A,0.145983333,6,22,31,40,41,43,44,45,,,,,,,,,8,40,5,3,5,14,Female,White / Caucasian,No,39.5,24.37,B,-0.34198,8,16,21,29,36,39,41,42,44,45,,,,,,,10,35,3,5,5,43.55,32.09
s104,A,0.63892,12,28,36,40,44,45,,,,,,,,,,,6,39,3,4,,16,Female,White / Caucasian,No,43.55,24.56,B,0.73404,17,29,39,42,45,,,,,,,,,,,,5,38,3,4,5,32.47,
s105,B,0.57881,11,29,40,42,45,,,,,,,,,,,,5,36,4,4,4,14,Male,White / Caucasian,No,36.85,48.53,A,0.20201,2,18,30,43,45,,,,,,,,,,,,5,40,5,4,4,40.24,25.87
s106,B,0.085196667,9,17,22,28,39,43,44,45,,,,,,,,,8,35,4,3,5,16,Male,White / Caucasian,No,53.34,48.11,A,0.72704,12,32,40,45,,,,,,,,,,,,,4,40,4,3,5,32.38,33.82
s107,B,0.37131,9,18,28,33,37,42,45,,,,,,,,,,7,39,4,5,5,14,Male,White / Caucasian,No,42.64,24.89,A,1.12673,19,38,44,45,,,,,,,,,,,,,4,43,5,3,5,30.51,29.24
s108,B,1.108073333,15,24,39,45,,,,,,,,,,,,,4,41,5,4,5,13,Female,White / Caucasian,No,43.62,16.72,A,2.18313,42,45,,,,,,,,,,,,,,,2,40,4,4,5,44.08,18.2
s109,B,1.308936667,19,38,43,45,,,,,,,,,,,,,4,41,3,4,5,16,Male,White / Caucasian,No,69.07,31.19,A,1.60905,27,43,45,,,,,,,,,,,,,,3,44,2,3,5,26.75,42.25
s110,A,-0.463863333,5,18,22,26,34,41,45,,,,,,,,,,7,24,5,5,5,16,Female,White / Caucasian,No,47.43,17.74,B,-0.20807,10,22,32,38,43,45,,,,,,,,,,,6,24,5,5,5,44.94,36.68
s111,A,-1.423366667,2,7,12,16,18,19,23,26,31,32,37,41,42,42,45,,15,27,4,,5,16,Male,White / Caucasian,Yes,73.5,20.65,B,-1.05603,3,5,11,17,28,31,33,38,40,42,42,44,45,,,,13,31,5,4,4,59.91,53.92
s112,B,-1.385016667,4,6,8,17,20,29,32,34,38,40,42,44,45,,,,13,20,,4,5,17,Female,White / Caucasian,No,69.44,28.3,A,-2.33613,0,0,15,18,25,26,35,36,39,41,43,44,44,45,,,14,4,5,5,5,64.96,25.88
s113,B,0.085873333,5,16,23,32,37,43,45,,,,,,,,,,7,37,4,4,5,13,Male,White / Caucasian,No,43.58,22.49,A,0.33014,8,22,34,42,45,,,,,,,,,,,,5,37,4,4,5,34.73,29.67
s114,A,-0.794963333,5,10,15,26,29,31,34,36,37,42,44,45,,,,,12,30,5,4,5,18,Male,White / Caucasian,Yes,55.18,51.19,B,-0.14453,7,16,24,30,36,40,44,45,,,,,,,,,8,35,5,3,5,42.76,29.58
s115,A,1.1259,16,35,42,44,45,,,,,,,,,,,,5,43,5,3,5,21,Female,White / Caucasian,No,36.49,62.98,B,0.888,17,26,39,44,45,,,,,,,,,,,,5,42,5,4,5,34.67,32.92
s116,B,0.967323333,12,29,43,43,45,,,,,,,,,,,,5,44,4,3,5,13,Female,More Than One Race,No,44.67,40.06,A,1.12462,18,38,44,45,,,,,,,,,,,,,4,44,4,3,5,30.61,36.34
s117,B,-0.52004,2,16,25,33,37,,43,45,,,,,,,,,8,29,4,5,5,14,Female,White / Caucasian,No,48.31,51.16,A,-0.53788,3,11,20,27,35,40,43,45,,,,,,,,,8,29,4,5,5,48.87,59.65
s118,A,1.586443333,22,33,41,45,,,,,,,,,,,,,4,44,4,3,5,16,Female,White / Caucasian,No,32.86,24.16,B,1.36822,24,33,42,45,,,,,,,,,,,,,4,44,4,5,5,29.87,22.36
s119,B,-1.340763333,3,7,13,17,22,27,30,34,36,40,42,44,44,45,,,14,25,5,5,5,12,Female,White / Caucasian,No,63.14,19.43,A,-1.76165,2,9,12,15,21,25,29,30,33,37,39,40,40,43,44,45,16,23,5,5,5,75.79,36.32
s120,B,-1.187416667,6,16,19,20,20,25,33,39,43,45,,,,,,,10,14,4,5,5,18,Female,White / Caucasian,No,59.98,27.34,A,0.0818,18,24,29,44,45,,,,,,,,,,,,5,20,4,4,5,38.63,27.73
s121,A,0.89,17,31,41,42,44,45,,,,,,,,,,,6,39,5,5,5,16,Female,More Than One Race,No,59.61,69.68,B,0.45261,13,27,35,39,44,45,,,,,,,,,,,6,38,5,4,5,35.76,37.96
s122,A,-1.27868,3,7,8,12,16,21,28,30,35,37,39,40,43,43,44,45,16,32,4,5,5,15,Female,White / Caucasian,No,73.6,44.48,B,-1.45016,2,9,11,20,21,22,28,31,35,36,41,42,42,44,45,,15,28,4,5,5,62.73,60.88
s123,A,-1.157723333,6,11,18,23,28,30,33,35,36,38,42,44,45,,,,13,23,3,5,5,17,Male,White / Caucasian,No,59.99,25.27,B,-0.55461,15,22,30,35,35,40,41,43,45,,,,,,,,9,19,3,5,5,45.8,31.57
s124,A,-1.25152,2,13,19,23,29,33,35,39,41,43,45,,,,,,11,20,4,5,5,14,Male,Black / African American,No,53.69,24.7,B,-1.35975,5,9,15,22,24,28,31,34,39,42,43,43,45,,,,13,21,4,4,4,55.97,20.08
s125,A,0.522633333,8,26,31,38,42,45,,,,,,,,,,,6,41,5,5,5,14,Male,White / Caucasian,No,36.86,41.93,B,0.61079,15,24,34,38,44,45,,,,,,,,,,,6,40,5,5,5,38.68,21.82
s126,A,-0.451996667,4,4,6,10,16,20,37,44,45,,,,,,,,9,31,3,5,5,16,Male,White / Caucasian,No,56.59,48.26,B,-0.83526,8,17,27,33,39,41,43,45,,,,,,,,,8,16,4,5,5,41.56,26.22
s127,A,-1.828416667,3,7,11,14,17,21,23,25,31,34,37,38,40,42,43,45,16,19,4,5,5,16,Male,Black / African American,No,71.5,19.94,B,-1.72316,2,4,6,13,17,24,27,31,33,35,36,38,39,42,43,45,16,24,4,5,4,,22.05
s128,A,0.189616667,14,29,39,41,43,45,,,,,,,,,,,6,26,4,4,5,18,Female,White / Caucasian,No,36.34,27.98,B,0.60328,28,40,44,44,45,,,,,,,,,,,,5,23,4,4,5,30.38,47.06
s129,B,-0.640326667,11,16,22,28,34,36,41,41,43,45,,,,,,,10,21,5,5,5,14,Female,White / Caucasian,Yes,47.05,31.47,A,-0.92779,4,9,15,23,30,34,38,41,42,45,,,,,,,10,24,5,5,5,48.18,28.67
s130,B,-0.381986667,5,13,22,29,35,39,40,42,42,44,45,,,,,,11,37,5,5,5,13,Female,White / Caucasian,No,54.54,25,A,0.08575,5,18,23,33,38,41,45,,,,,,,,,,7,40,5,5,5,42.25,48.26
s131,A,-0.173813333,3,16,23,36,41,43,44,45,,,,,,,,,8,36,4,4,5,17,Female,White / Caucasian,No,48.52,52.34,B,0.08997,7,16,24,36,43,44,45,,,,,,,,,,7,38,3,4,5,115.32,43.26
s132,A,-1.47224,9,11,21,21,23,25,28,32,35,39,43,43,45,,,,13,12,1,5,5,16,Male,Prefer Not to Respond,Yes,60.98,26.76,B,-0.14638,21,25,32,36,41,45,,,,,,,,,,,6,14,3,5,5,35.98,27.58
s133,B,-1.534373333,4,11,15,19,25,30,32,35,38,39,40,42,44,44,45,,15,22,4,4,5,16,Male,White / Caucasian,No,62.32,49.39,A,-0.41896,8,11,17,23,31,37,41,41,44,45,,,,,,,10,33,4,4,5,48.35,60.22
s134,B,0.33099,8,13,22,32,39,43,43,45,,,,,,,,,8,42,4,4,4,16,Male,White / Caucasian,No,50.73,20.32,A,-0.06543,8,15,27,33,37,42,43,45,,,,,,,,,8,36,4,4,5,49.83,31.5
s135,B,0.958716667,15,25,34,42,44,45,,,,,,,,,,,6,43,5,5,5,20,Female,White / Caucasian,No,40.48,22.37,A,0.71927,10,20,40,42,45,,,,,,,,,,,,5,45,5,5,5,39.19,52
s136,B,0.556316667,11,21,30,40,43,44,45,,,,,,,,,,7,41,5,4,5,14,Female,Black / African American,No,40.58,40.91,A,0.09064,9,22,30,39,41,41,43,45,,,,,,,,,8,39,5,4,5,41.72,28.94
s137,B,0.329023333,9,20,25,32,36,44,45,,,,,,,,,,7,38,3,3,5,16,,White / Caucasian,No,42.78,17.28,A,-0.41752,7,18,25,33,35,38,42,44,45,,,,,,,,9,31,3,3,5,70.91,24.94
s138,A,2.490326667,40,44,44,45,,,,,,,,,,,,,4,44,5,4,5,14,Female,White / Caucasian,Yes,29.67,25.02,B,-0.48118,15,23,25,33,37,40,41,44,44,45,,,,,,,10,24,4,5,5,43.5,20.54
s139,B,-0.802893333,4,8,15,19,28,31,34,38,41,42,43,45,,,,,12,31,5,5,5,18,Female,White / Caucasian,No,55.02,24.69,A,-0.93201,2,7,13,18,20,29,33,40,44,45,,,,,,,10,26,5,5,5,66.5,35.79
s140,B,-0.279533333,11,17,28,32,40,44,44,45,,,,,,,,,8,24,3,5,5,12,Male,White / Caucasian,No,45.03,22.9,A,-0.23813,14,24,30,32,42,45,,,,,,,,,,,6,19,3,5,5,39.86,22.84
s141,A,0.84046,12,25,39,43,45,,,,,,,,,,,,5,41,5,3,5,16,Other,White / Caucasian,No,38.19,23.71,B,0.25382,10,24,32,40,44,45,,,,,,,,,,,6,36,5,5,5,36.14,36.1
s142,A,-0.40049,8,18,21,24,28,32,38,43,44,44,45,,,,,,11,33,4,5,5,16,Female,White / Caucasian,No,57.46,63.7,B,-0.72967,5,10,19,25,32,35,40,44,45,,,,,,,,9,25,4,5,5,49.3,25.78
s143,A,-0.93836,7,7,14,18,22,26,32,36,39,42,43,44,45,,,,13,27,5,5,5,12,Male,White / Caucasian,No,119,22.05,B,0.08997,7,7,29,29,44,44,45,,,,,,,,,,7,38,5,5,5,45.75,37.28
s144,B,0.679916667,9,17,42,45,,,,,,,,,,,,,4,38,4,4,4,14,Male,White / Caucasian,No,35.9,24.74,A,0.77464,18,34,43,44,45,,,,,,,,,,,,5,38,4,4,4,31.52,
s145,A,0.546416667,11,24,30,37,41,45,,,,,,,,,,,6,38,4,3,5,18,Female,White / Caucasian,No,42.2,27.17,B,0.28809,8,21,31,34,40,45,,,,,,,,,,,6,39,5,4,5,37.45,34.11
s146,B,-0.612543333,1,18,28,37,41,43,44,45,,,,,,,,,8,28,4,5,5,12,Male,White / Caucasian,No,44.54,23.45,A,0.27558,22,27,31,38,40,44,45,,,,,,,,,,7,27,5,5,5,37.2,40.94
s147,A,-0.37535,3,3,22,32,38,43,44,44,45,,,,,,,,9,34,3,5,5,15,Female,White / Caucasian,No,51.26,15.14,B,0.0768,19,31,37,40,42,44,45,,,,,,,,,,7,25,3,4,4,41.6,21.97
s148,A,0.440026667,7,13,25,35,40,42,45,,,,,,,,,,7,43,4,4,5,16,Female,White / Caucasian,No,44.49,31.62,B,1.08823,19,37,43,45,,,,,,,,,,,,,4,42,4,3,5,30.25,25.4
s149,A,-1.15238,1,1,9,10,20,26,31,40,45,,,,,,,,9,18,4,5,,16,Female,White / Caucasian,No,56.75,66.16,B,-0.34609,1,13,24,34,41,44,45,,,,,,,,,,7,33,4,5,5,53.39,23.92
s150,B,-1.092943333,6,8,11,13,14,21,27,35,39,43,45,,,,,,11,19,5,4,5,16,Male,White / Caucasian,No,67.97,23.34,A,0.22548,28,40,45,,,,,,,,,,,,,,3,7,5,5,5,29.19,25.76
s151,B,-0.61918,3,11,21,27,31,35,39,43,43,45,,,,,,,10,31,45,5,5,15,Male,White / Caucasian,No,52.01,47.06,A,-0.45734,3,10,18,32,38,44,45,,,,,,,,,,7,28,4,5,5,43,21.33
s152,B,-0.20092,9,16,24,30,34,40,42,44,45,,,,,,,,9,31,5,4,5,15,Female,White / Caucasian,No,46.57,22.73,A,0.17051,7,22,30,38,44,45,,,,,,,,,,,6,37,5,2,5,40.22,28.3
s153,A,0.050836667,10,18,26,32,38,42,43,45,,,,,,,,,8,33,5,4,5,18,Male,White / Caucasian,No,44.81,21.75,B,0.37352,12,23,30,37,41,45,,,,,,,,,,,6,37,5,4,5,37.09,31.53
s154,A,-0.383956667,6,14,22,29,32,40,44,44,44,45,,,,,,,10,33,5,5,5,14,Male,White / Caucasian,No,47.81,27.38,B,-0.3056,7,16,24,31,37,39,43,43,44,45,,,,,,,10,37,5,4,5,45.44,25.61
s155,B,0.51206,12,23,30,36,43,45,,,,,,,,,,,6,36,4,3,4,16,Female,White / Caucasian,No,41.27,21.82,A,0.09064,9,24,26,34,36,40,44,45,,,,,,,,,8,39,,3,4,46.12,28.79
s156,B,1.504506667,33,37,43,45,,,,,,,,,,,,,4,29,4,4,5,12,Male,More Than One Race,Yes,,23.52,A,1.77912,38,41,43,44,45,,,,,,,,,,,,5,43,5,4,5,29.06,20.67
s157,A,-0.04892,4,10,24,35,41,44,45,,,,,,,,,,7,35,,3,5,17,Male,White / Caucasian,No,43.33,32.25,B,-0.10248,7,18,29,33,40,43,45,,,,,,,,,,7,33,5,3,5,39.28,47.86
s158,A,0.379913333,6,14,27,36,43,45,,,,,,,,,,,6,40,5,5,5,16,Female,Asian,No,51.79,18.56,B,0.48832,10,24,31,39,45,,,,,,,,,,,,5,39,5,4,5,57.5,25.82
s159,B,0.43013,7,26,37,41,44,45,,,,,,,,,,,6,40,4,5,5,14,Female,White / Caucasian,No,37.19,17.65,A,0.3308,10,23,34,40,44,45,,,,,,,,,,,6,38,4,3,5,36.47,27.65
s160,A,-1.274013333,2,6,12,16,24,29,33,34,36,39,42,43,45,,,,13,25,5,5,5,14,Male,Black / African American,No,63.52,44.73,B,-0.21729,9,19,28,31,31,39,43,45,,,,,,,,,8,31,5,5,5,44.56,42.27
s161,B,0.37131,9,22,29,35,41,43,45,,,,,,,,,,7,39,5,3,5,16,Female,White / Caucasian,No,43.05,16.36,A,0.08853,8,17,24,32,38,40,44,45,,,,,,,,,8,40,5,4,5,83.55,32.42
s162,A,0.84243,11,26,36,41,44,45,,,,,,,,,,,6,45,3,3,5,14,Male,White / Caucasian,No,36.93,26.7,B,0.53314,13,23,32,40,45,,,,,,,,,,,,5,37,3,5,5,35.2,20.86
s163,A,0.906533333,15,26,39,44,45,,,,,,,,,,,,5,39,5,3,5,15,Female,White / Caucasian,No,42.88,15.71,B,0.17673,15,24,29,36,40,42,44,44,45,,,,,,,,9,38,4,4,5,38.21,41.88
s164,A,1.209796667,20,30,38,43,44,45,,,,,,,,,,,6,43,5,4,5,14,Male,White / Caucasian,No,37.89,70.97,B,0.0557,9,16,30,34,40,44,45,,,,,,,,,,7,35,4,5,5,40.61,43.59
s165,B,0.723496667,12,25,35,42,44,45,,,,,,,,,,,6,41,5,4,5,14,Male,White / Caucasian,No,52.95,18.72,A,0.80258,13,27,39,42,45,,,,,,,,,,,,5,44,5,3,5,37.8,27.86
s166,B,1.1259,16,32,41,44,45,,,,,,,,,,,,5,43,4,3,5,16,Female,White / Caucasian,No,35.6,61.98,A,0.5226,8,21,35,40,45,,,,,,,,,,,,5,42,5,4,5,34.74,37.32
s167,A,1.184043333,18,31,39,42,45,,,,,,,,,,,,5,42,,4,5,12,Female,White / Caucasian,No,57.86,38.68,B,0.24605,8,19,31,39,41,42,45,,,,,,,,,,7,41,5,5,5,38.52,35.22
s168,A,-0.480396667,7,12,20,26,34,41,44,45,,,,,,,,,8,24,3,5,5,16,,White / Caucasian,No,54.38,30.28,B,1.46208,32,39,43,45,,,,,,,,,,,,,4,38,3,4,5,38.37,25.83
s169,A,-0.04099,5,9,18,28,35,43,45,,,,,,,,,,7,34,4,3,4,16,Male,White / Caucasian,No,52.14,27.06,B,-0.41252,6,16,24,32,40,43,45,,,,,,,,,,7,26,4,4,4,39.88,23.53
s170,B,0.430746667,14,21,28,34,37,41,43,44,,,,,,,,,9,40,4,2,4,14,Female,White / Caucasian,Yes,42.77,25.28,A,-0.29505,12,25,33,37,41,43,43,44,44,45,,,,,,,10,32,4,3,4,44.58,21.12
s171,B,-0.80486,5,8,13,16,19,25,33,38,43,43,45,,,,,,11,27,3,3,5,15,Female,White / Caucasian,No,55.54,24.55,A,-0.27766,2,8,17,25,37,41,41,44,44,45,,,,,,,10,43,3,2,5,47.06,23.1
s172,A,-0.188323333,9,23,29,36,43,45,,,,,,,,,,,6,23,5,5,5,13,Female,Prefer Not to Respond,Yes,43.6,20.56,B,-0.67774,8,13,25,34,39,43,45,,,,,,,,,,7,17,5,5,5,45.87,23.22
s173,A,-0.180446667,5,15,21,25,33,37,40,42,44,45,,,,,,,10,39,5,5,5,20,Female,White / Caucasian,No,48.93,22.93,B,-0.42529,5,10,17,23,26,30,38,40,44,45,,,,,,,10,36,5,5,5,48.69,35.31
s174,A,-1.225766667,4,6,12,16,25,29,30,35,39,42,42,45,,,,,12,21,4,5,5,16,Female,White / Caucasian,No,57.34,66.49,B,-1.04615,6,9,15,23,29,35,37,41,43,44,44,45,,,,,12,25,4,5,5,49.66,23.88
s175,B,0.74925,14,21,34,38,42,44,45,,,,,,,,,,7,42,5,4,5,14,Female,White / Caucasian,No,41.26,21.15,A,0.5723,15,29,36,42,44,45,,,,,,,,,,,6,39,5,4,5,34.75,52.41
s176,A,-0.49097,11,18,23,31,39,43,44,45,,,,,,,,,8,19,4,5,5,15,Female,White / Caucasian,No,49.72,27.42,B,-0.72889,2,17,23,32,39,42,45,,,,,,,,,,7,22,5,5,5,43.39,19.94
s177,A,0.262273333,10,19,29,38,41,42,44,45,,,,,,,,,8,38,5,5,5,16,Female,White / Caucasian,No,43.65,42.79,B,-0.4183,10,17,23,31,33,37,39,41,42,44,45,,,,,,11,34,5,4,5,46.49,36.12
s178,B,0.431423333,10,23,32,38,41,43,44,45,,,,,,,,,8,42,5,4,4,19,Male,White / Caucasian,No,45.57,41.64,A,0.76409,13,24,41,44,45,,,,,,,,,,,,5,43,5,3,4,37.64,30.7
s179,A,-0.502213333,3,9,12,20,29,35,40,42,45,,,,,,,,9,31,4,5,5,14,Male,White / Caucasian,No,69.19,48.64,B,-0.53999,2,6,15,24,32,37,44,45,,,,,,,,,8,30,4,5,5,63.32,24.03
s180,B,0.832533333,11,32,43,44,45,,,,,,,,,,,,5,42,5,3,5,14,Female,White / Caucasian,No,35.68,24.65,A,0.5226,8,20,36,44,45,,,,,,,,,,,,5,42,5,3,5,35.29,21.74
s181,A,-1.069213333,4,6,8,9,16,17,21,23,26,33,37,40,41,43,45,,15,33,5,3,5,16,Male,White / Caucasian,No,69.64,24.19,B,-1.16862,1,6,16,21,27,34,37,39,43,44,45,,,,,,11,24,4,4,5,50.76,30.74
s182,B,0.13738,9,20,29,35,40,42,44,44,45,,,,,,,,9,39,4,5,5,12,Female,White / Caucasian,No,41.06,18.94,A,0.20756,8,19,31,36,40,43,45,,,,,,,,,,7,40,4,4,5,36.97,35.88
s183,B,1.527623333,24,30,40,43,45,,,,,,,,,,,,5,43,4,4,5,14,Female,White / Caucasian,No,34.67,23.41,A,0.60724,15,23,34,41,43,44,45,,,,,,,,,,7,43,4,5,5,45.52,39.68
s184,B,-0.333063333,3,10,21,26,32,34,38,42,45,,,,,,,,9,35,5,5,5,16,Male,White / Caucasian,No,50.22,19.32,A,-0.34187,3,12,21,28,38,39,45,,,,,,,,,,7,31,5,5,5,41.86,30.24
s185,A,-0.224703333,6,14,24,29,35,38,43,44,45,,,,,,,,9,34,4,5,5,12,Female,White / Caucasian,No,45.92,15.33,B,-0.42318,6,10,18,20,26,33,38,41,44,45,,,,,,,10,35,4,5,5,,20.05
s186,A,-1.13591,10,21,23,26,27,28,34,37,40,43,43,45,,,,,12,16,3,5,5,14,Male,Black / African American,No,53.9,22.09,B,-1.16229,4,10,14,19,24,27,33,37,40,44,45,,,,,,11,21,4,5,5,53.91,38.52
s187,A,-0.343636667,7,10,15,23,33,37,43,44,45,,,,,,,,9,30,4,5,5,,Female,White / Caucasian,No,49.6,31.75,B,-0.53788,3,12,21,29,35,40,43,45,,,,,,,,,8,29,5,5,5,43.15,34.28
s188,A,0.63166,23,36,40,43,45,,,,,,,,,,,,5,23,3,5,5,16,Male,White / Caucasian,No,45.29,19.42,B,-0.27451,15,27,35,39,42,45,,,,,,,,,,,6,17,3,5,5,46.42,25.82
s189,A,0.281453333,3,11,21,30,41,44,45,,,,,,,,,,7,44,5,5,5,14,Female,White / Caucasian,No,46.31,27.65,B,0.40357,8,19,35,42,44,45,,,,,,,,,,,6,42,5,5,5,34.95,34.68
s190,A,-0.512786667,7,12,17,24,29,37,40,43,45,,,,,,,,9,26,5,4,5,14,Male,,No,55.57,19.25,B,-0.89141,3,7,15,26,31,34,37,42,44,45,,,,,,,10,26,5,4,5,52.25,33.37
s191,A,-1.196073333,4,7,9,13,16,25,26,31,32,37,39,42,44,44,45,,15,30,4,5,5,14,Female,White / Caucasian,No,72.43,23.55,B,-1.24494,3,11,13,16,18,20,28,35,39,40,42,45,,,,,12,23,4,5,5,62.39,38.58
s192,A,-0.393853333,6,8,14,22,25,30,41,44,45,,,,,,,,9,30,5,5,5,16,Female,White / Caucasian,No,72.74,29.21,B,0.90488,25,38,41,44,45,,,,,,,,,,,,5,34,3,4,5,40.71,25.09
s193,B,-0.30928,6,14,19,27,32,35,40,44,45,,,,,,,,9,32,5,4,5,16,Female,White / Caucasian,No,51.47,56.61,A,-0.53444,8,15,22,30,36,40,42,44,44,45,,,,,,,10,30,5,4,5,46.31,53.83
s194,B,-0.56368,10,19,22,30,36,37,38,40,42,45,,,,,,,10,24,5,5,5,16,Female,,No,49.51,31.53,A,-0.33632,9,19,29,38,39,42,42,44,45,,,,,,,,9,31,5,5,5,41.33,42.91
s195,A,0.15852,17,26,33,36,39,41,43,44,45,,,,,,,,9,30,4,4,5,16,Female,White / Caucasian,No,39.73,19.39,B,1.05252,22,32,38,42,45,,,,,,,,,,,,5,41,4,4,5,30.57,26.19
s196,B,-0.249166667,7,16,26,29,33,38,41,42,44,45,,,,,,,10,35,5,5,5,16,Female,White / Caucasian,No,55.95,21.21,A,-0.82431,0,10,16,22,28,31,36,41,42,43,45,,,,,,11,34,5,5,5,53.96,60.08
s197,B,0.06866,11,20,27,33,39,41,43,44,,,,,,,,,9,35,5,4,5,13,Male,White / Caucasian,No,42.94,60.76,A,-0.03116,6,16,26,32,38,43,44,45,,,,,,,,,8,39,5,4,5,41.44,28.71
s198,B,-0.755323333,10,16,22,26,31,33,36,39,43,44,44,45,,,,,12,25,5,5,,22,Female,White / Caucasian,No,53.43,45.12,A,-1.13235,5,6,12,19,25,28,33,36,40,41,42,43,44,45,,,14,30,5,5,5,57.1,59.26
s199,B,0.454593333,6,18,36,43,45,,,,,,,,,,,,5,39,,4,5,,Female,White / Caucasian,No,39.85,22.3,A,0.48199,7,18,33,43,45,,,,,,,,,,,,5,42,,4,5,36.08,35.91
s200,A,-0.99915,10,15,21,24,29,29,33,35,40,41,43,44,45,,,,13,22,4,5,5,16,Female,White / Caucasian,No,58.15,24.22,B,-1.0091,7,10,17,21,25,26,28,32,34,37,41,42,45,,,,13,28,4,5,5,62.69,35.26
s201,A,0.966646667,16,30,38,41,44,45,,,,,,,,,,,6,42,5,3,5,17,Female,White / Caucasian,No,39.52,44.2,B,0.4911,13,23,34,41,44,45,,,,,,,,,,,6,39,5,4,5,38.81,31.94
s202,B,-0.828646667,2,6,11,17,22,30,35,40,43,43,45,,,,,,11,30,,5,5,15,Female,White / Caucasian,No,59.3,28.87,A,-1.55709,1,1,4,14,23,30,32,37,39,42,44,45,,,,,12,17,3,5,4,59.36,26.42
s203,A,0.647526667,9,26,36,42,45,,,,,,,,,,,,5,40,5,3,4,16,Female,White / Caucasian,No,37.27,20.78,B,0.32803,7,20,34,42,45,,,,,,,,,,,,5,38,4,4,4,38.05,50.87
s204,A,-0.46853,6,13,20,27,34,38,42,43,44,45,,,,,,,10,31,4,5,5,20,Female,White / Caucasian,No,49.77,31.93,B,-0.11447,3,16,25,34,38,41,42,45,,,,,,,,,8,40,5,5,5,43.35,47.02
s205,B,-0.960176667,3,10,15,16,25,27,31,34,36,39,40,42,44,45,,,14,34,4,5,5,18,Male,White / Caucasian,No,60.61,21.1,A,-1.31415,5,12,17,22,25,28,30,34,40,42,45,,,,,,11,16,3,5,5,52.31,29.07
s206,B,0.598603333,11,23,32,40,43,44,45,,,,,,,,,,7,42,4,4,5,16,Female,White / Caucasian,No,41.41,24.26,A,0.88523,14,23,41,45,,,,,,,,,,,,,4,42,4,4,5,32.16,30.84
s207,A,0.56492,8,17,32,38,44,45,,,,,,,,,,,6,42,5,4,5,13,Female,White / Caucasian,No,39.12,23.29,B,0.48899,12,28,35,42,44,45,,,,,,,,,,,6,40,5,4,5,34.03,19.05
s208,A,-0.37007,9,19,23,27,30,36,43,44,45,,,,,,,,9,27,1,5,5,13,Female,White / Caucasian,No,44.84,22.2,B,-1.00266,5,11,20,25,29,37,39,42,42,45,,,,,,,10,21,1,5,5,91.12,31.64
s209,B,-0.1421,7,14,21,23,32,39,42,45,,,,,,,,,8,32,3,4,4,16,Female,White / Caucasian,No,82.99,21.16,A,-0.64847,7,10,15,19,30,37,41,44,45,,,,,,,,9,25,3,4,4,,23.21
s210,B,-0.45003,3,11,17,26,29,37,41,43,44,45,,,,,,,10,35,4,4,5,14,Male,White / Caucasian,No,49.51,26.21,A,0.00944,7,21,26,32,37,40,43,45,,,,,,,,,8,39,5,3,5,46.76,23.02
s211,A,-1.288523333,8,21,28,33,34,36,39,40,43,44,45,,,,,,11,12,5,4,5,17,Female,White / Caucasian,No,78.12,66.42,B,0.49321,14,14,31,41,44,45,,,,,,,,,,,6,38,5,4,5,47.9,24.04
s212,A,-1.788773333,8,17,26,27,28,31,33,35,37,40,40,40,40,44,44,45,16,14,1,5,5,25,Female,More Than One Race,Yes,92.9,63.51,B,0.38539,21,33,37,41,43,44,44,45,,,,,,,,,8,34,4,5,5,51.04,58.48
s213,B,-0.385926667,7,15,22,27,31,39,41,44,45,,,,,,,,9,29,4,5,5,14,Female,White / Caucasian,No,47.94,25.63,A,-0.26211,6,13,24,30,35,40,41,45,,,,,,,,,8,33,4,,5,44.68,27.26
s214,B,-0.16656,8,11,21,25,34,37,40,44,45,,,,,,,,9,33,5,4,5,14,Male,White / Caucasian,No,47.09,62.67,A,-0.0926,10,22,31,38,42,45,,,,,,,,,,,6,27,5,5,5,36.47,26.35
s215,B,0.288026667,12,19,32,37,38,42,42,44,45,,,,,,,,9,39,5,4,5,16,Female,White / Caucasian,No,41.69,25.11,A,0.92583,15,32,41,45,,,,,,,,,,,,,4,42,5,3,5,31.57,46.21
s216,A,-0.091883333,8,23,29,32,33,37,43,45,,,,,,,,,8,32,4,5,5,12,Male,White / Caucasian,No,45.92,21.95,B,-0.53932,4,16,22,32,37,39,42,44,45,,,,,,,,9,31,5,5,5,45.64,29.31
s217,A,0.016476667,11,18,25,26,35,42,43,45,,,,,,,,,8,31,5,4,5,16,Female,More Than One Race,Yes,60.43,25.67,B,0.17051,7,16,30,38,43,45,,,,,,,,,,,6,37,5,3,5,42.98,24.31
s218,B,-0.025133333,7,10,20,27,37,43,45,,,,,,,,,,7,32,1,4,5,16,Male,White / Caucasian,No,51.47,26.58,A,0.4066,26,37,43,44,45,,,,,,,,,,,,5,20,2,4,5,75.84,25.39
s219,B,1.234256667,19,28,35,43,45,,,,,,,,,,,,5,42,4,4,5,19,Male,Asian,No,33.39,21.29,A,1.24786,20,39,45,,,,,,,,,,,,,,3,42,4,3,5,28.2,26.67
s220,B,0.689136667,13,30,38,42,44,45,,,,,,,,,,,6,39,5,5,5,18,Female,White / Caucasian,No,36.98,41.6,A,1.04763,18,32,42,45,,,,,,,,,,,,,4,42,5,4,5,31.65,39.56
s221,A,1.11797,15,29,41,44,45,,,,,,,,,,,,5,44,5,4,5,16,Female,White / Caucasian,No,46.17,12.67,B,0.92372,14,33,40,45,,,,,,,,,,,,,4,43,5,3,5,32.35,23.75
s222,B,1.980243333,29,42,42,45,,,,,,,,,,,,,4,45,5,2,5,18,Female,White / Caucasian,No,35.46,25.9,A,1.36889,26,38,44,44,45,,,,,,,,,,,,5,45,5,1,5,30.16,39.87
s223,B,0.14463,14,22,25,31,37,38,40,44,44,45,,,,,,,10,36,5,5,5,13,Female,White / Caucasian,No,47,23.19,A,0.33425,15,23,31,38,40,42,43,45,,,,,,,,,8,39,5,4,5,43.2,32.51
s224,A,0.26295,6,14,21,28,39,44,45,,,,,,,,,,7,40,4,5,4,16,Male,Asian,No,41.92,32.23,B,0.36785,11,22,26,35,43,44,45,,,,,,,,,,7,41,5,4,5,37.71,24.32
s225,B,0.1962,7,16,28,35,37,39,43,45,,,,,,,,,8,40,3,3,5,14,Male,More Than One Race,Yes,43.66,23.54,A,0.16418,4,10,24,34,41,45,,,,,,,,,,,6,40,3,2,5,41.3,27.08
s226,B,-0.83596,8,16,20,26,26,31,35,38,40,42,43,44,44,45,,,14,31,4,5,5,12,Male,White / Caucasian,No,55.54,24.65,A,-1.44384,5,11,13,22,30,32,35,36,39,41,42,43,44,44,45,,15,25,4,5,5,55.58,54.68
s227,B,0.59731,8,22,31,40,45,,,,,,,,,,,,5,40,4,4,5,15,Female,White / Caucasian,No,41.61,42.28,A,0.15996,2,9,16,26,35,45,,,,,,,,,,,6,42,4,5,5,43.35,27.92
s228,B,-0.342346667,10,14,24,28,32,36,40,41,43,44,45,,,,,,11,32,4,5,5,18,Male,White / Caucasian,No,55.82,26.57,A,-1.49077,1,2,8,14,20,22,26,33,35,37,41,43,43,44,45,,15,28,4,5,5,66.59,66.65
s229,B,-0.30332,8,14,21,29,35,39,44,45,,,,,,,,,8,27,4,4,5,16,Female,White / Caucasian,No,45.35,21.32,A,-0.69184,3,10,18,28,34,38,42,45,,,,,,,,,8,25,3,4,5,46.44,29
s230,A,0.63892,12,20,30,40,43,45,,,,,,,,,,,6,39,5,4,5,16,Female,White / Caucasian,No,40.61,24.14,B,-0.8152,6,12,20,23,27,33,34,37,39,39,43,45,,,,,12,31,5,5,5,52.42,28.33
s231,B,-0.074056667,9,19,26,32,38,42,43,44,45,,,,,,,,9,34,5,5,5,15,Male,White / Caucasian,Yes,54.47,46.73,A,2.33709,42,45,,,,,,,,,,,,,,,2,44,5,4,5,33.6,24.66
s232,B,0.806103333,13,25,37,42,45,,,,,,,,,,,,5,39,4,5,5,15,Female,White / Caucasian,No,46.13,24.19,A,0.53658,18,31,38,41,44,44,45,,,,,,,,,,7,38,4,4,5,37.66,41.7
s233,A,0.413596667,9,20,27,35,41,43,45,,,,,,,,,,7,40,4,3,5,19,Female,White / Caucasian,No,40.65,44.67,B,0.20756,8,22,31,40,43,44,45,,,,,,,,,,7,40,4,3,5,36.77,31.29
s234,A,-0.138783333,14,31,35,39,41,43,45,,,,,,,,,,7,21,5,5,5,12,Male,More Than One Race,Yes,53.47,23.77,B,-0.32499,11,21,29,37,43,44,45,,,,,,,,,,7,23,5,5,5,57.88,34.95
s235,A,-0.853106667,3,7,12,16,20,25,28,31,36,39,43,45,,,,,12,31,3,5,5,14,Male,Black / African American,No,66.49,27.45,B,-1.6528,7,19,27,31,37,39,41,42,43,45,,,,,,,10,2,3,5,3,45.14,27.25
s236,B,0.162516667,4,11,21,30,37,40,45,,,,,,,,,,7,40,4,4,5,16,Female,White / Caucasian,No,46.13,40.83,A,-0.18724,5,12,25,31,38,42,44,45,,,,,,,,,8,36,5,4,5,42.55,36.87
s237,A,2.134203333,39,43,45,,,,,,,,,,,,,,3,34,,2,5,16,Male,White / Caucasian,No,28.8,21.91,B,1.50268,33,44,44,45,,,,,,,,,,,,,4,38,4,2,5,26.58,20.43
s238,B,0.368663333,14,26,34,38,40,41,45,,,,,,,,,,7,33,5,4,,18,Female,White / Caucasian,No,46.25,25.04,A,0.84396,11,42,45,,,,,,,,,,,,,,3,41,5,5,5,46.06,30.37
s239,B,-0.66282,11,17,23,27,32,33,33,34,39,40,41,45,,,,,12,26,3,4,5,13,Male,White / Caucasian,No,51.83,23.95,A,-0.80665,5,10,16,22,31,35,40,41,45,,,,,,,,9,23,3,4,5,47.03,27.54
s240,B,1.22633,18,30,38,43,45,,,,,,,,,,,,5,43,4,3,5,16,Female,White / Caucasian,No,38.62,21.89,A,0.1369,11,22,32,41,42,43,45,,,,,,,,,,7,35,5,4,5,60.91,22.09
s241,B,0.077943333,4,9,20,32,39,44,45,,,,,,,,,,7,38,4,4,5,17,Male,White / Caucasian,No,50.12,25.04,A,0.20967,9,19,27,34,40,44,45,,,,,,,,,,7,39,4,3,5,39.85,26.52
s242,A,1.116,16,36,44,45,,,,,,,,,,,,,4,40,5,4,,16,Male,White / Caucasian,No,37.46,27.45,B,0.83778,28,40,44,45,,,,,,,,,,,,,4,26,5,4,5,33.52,31.21
s243,B,0.88207,16,24,33,41,43,45,,,,,,,,,,,6,40,3,5,5,16,Female,White / Caucasian,No,38.72,22.61,A,0.53803,17,27,35,42,44,45,,,,,,,,,,,6,36,3,5,5,35.73,29.57
s244,B,-0.453966667,5,12,18,30,35,37,44,45,,,,,,,,,8,27,5,5,5,14,Male,White / Caucasian,,46.39,18.35,A,0.28177,5,16,25,37,44,45,,,,,,,,,,,6,42,5,4,5,38.45,36.26
s245,B,-0.1137,4,13,27,31,37,40,42,43,45,,,,,,,,9,39,5,5,5,12,Female,White / Caucasian,No,44.42,18.19,A,-0.34331,4,12,20,25,29,37,42,45,,,,,,,,,8,33,4,5,5,45.94,28.61
s246,B,0.541136667,5,12,12,42,44,45,,,,,,,,,,,6,45,4,5,5,16,Female,White / Caucasian,No,67.32,47.58,A,0.41068,8,36,41,45,,,,,,,,,,,,,4,36,5,5,5,37.73,34.09
s247,A,-0.393853333,6,11,15,21,29,33,38,40,45,,,,,,,,9,30,5,4,5,16,Female,White / Caucasian,No,54.35,19.94,B,-0.46234,4,7,16,24,31,37,38,42,45,,,,,,,,9,33,5,5,5,49.52,
s248,A,0.426806667,16,26,33,37,39,43,45,,,,,,,,,,7,32,4,4,5,14,Female,White / Caucasian,No,39.44,26.22,B,0.40845,12,23,33,38,43,44,45,,,,,,,,,,7,41,4,3,5,36.81,38.88
s249,B,0.54046,9,22,34,38,41,43,45,,,,,,,,,,7,43,3,3,4,12,Male,White / Caucasian,No,,24.61,A,0.77042,16,22,32,39,45,,,,,,,,,,,,5,40,3,3,4,34.75,25.98
s250,B,-1.296506667,2,9,19,20,26,31,33,35,36,39,42,42,44,44,45,,15,30,4,5,5,16,Female,White / Caucasian,,59.89,27.58,A,-1.21144,4,12,16,22,25,31,34,37,39,40,42,43,44,45,,,14,29,3,5,5,63.15,36.88
s251,B,-0.500243333,2,13,19,24,32,36,40,44,44,45,,,,,,,10,35,4,4,5,16,Male,White / Caucasian,No,108.92,19.77,A,-0.48107,10,20,28,36,40,44,45,,,,,,,,,,7,20,5,4,5,52.6,33.68
s252,B,-0.298706667,2,11,24,33,39,40,44,44,45,,,,,,,,9,37,,5,5,16,Male,More Than One Race,No,43.88,15.37,A,0.1684,6,16,27,40,44,45,,,,,,,,,,,6,38,5,5,5,36.67,37.25
s253,A,1.32676,20,33,43,44,45,,,,,,,,,,,,5,43,5,4,5,14,Female,White / Caucasian,No,37.66,24.42,B,0.96432,15,33,39,45,,,,,,,,,,,,,4,43,4,5,5,33.59,39.48
s254,A,-1.58588,0,2,9,13,14,14,20,29,35,39,42,43,45,,,,13,20,1,5,5,17,Male,Black / African American,No,75.91,21.74,B,0.02143,11,23,34,39,41,43,45,,,,,,,,,,7,32,1,4,5,38.58,28.47
s255,B,0.481636667,11,21,26,31,33,41,44,45,,,,,,,,,8,42,4,5,5,15,Female,More Than One Race,No,57.64,23.05,A,-0.27977,1,6,16,24,33,36,39,41,44,45,,,,,,,10,44,4,5,5,51.12,22.02
s256,A,0.91643,15,30,39,42,44,45,,,,,,,,,,,6,42,5,4,5,12,Male,White / Caucasian,No,40.7,45,B,0.76687,16,30,37,40,43,45,,,,,,,,,,,6,43,5,4,5,33.62,34.27
s257,A,0.381206667,9,22,29,39,40,42,44,45,,,,,,,,,8,42,5,4,5,16,Female,White / Caucasian,No,40.99,23.02,B,0.08642,7,21,28,37,40,43,44,45,,,,,,,,,8,41,5,4,5,38.85,25.82
s258,A,0.63892,12,21,33,40,44,45,,,,,,,,,,,6,39,3,4,4,14,Female,White / Caucasian,No,48.46,26.42,B,0.29442,11,27,41,43,43,45,,,,,,,,,,,6,36,3,4,5,32.87,20.69
s259,B,-0.24253,5,17,24,30,37,43,44,45,,,,,,,,,8,32,2,4,5,17,Female,White / Caucasian,No,49.21,17.78,A,0.28809,8,20,30,37,43,45,,,,,,,,,,,6,39,3,4,4,47.33,25.67
s260,B,-0.097843333,6,12,25,36,38,40,41,43,45,,,,,,,,9,37,5,5,5,16,Female,White / Caucasian,No,51.4,33.37,A,0.28876,10,22,31,37,41,44,45,,,,,,,,,,7,40,5,4,5,40.59,34.76
s261,B,0.035656667,4,18,28,36,42,44,45,,,,,,,,,,7,37,3,3,5,15,Female,White / Caucasian,No,41.75,55.72,A,0.29653,12,24,33,39,43,45,,,,,,,,,,,6,35,3,4,5,36.78,25.42
s262,B,0.181013333,17,26,35,39,43,44,45,,,,,,,,,,7,25,5,4,5,16,Male,American Indian / Alaskan Native,No,42.58,24.74,A,-0.23813,14,27,35,43,44,45,,,,,,,,,,,6,19,4,4,5,44.89,25.52
s263,B,0.16318,32,36,37,39,43,45,,,,,,,,,,,6,4,4,5,4,16,Male,White / Caucasian,No,33.18,25.27,A,0.11977,36,41,43,44,45,,,,,,,,,,,,5,2,3,5,3,42.09,25.45
s264,A,-0.2161,3,10,18,26,35,40,43,45,,,,,,,,,8,35,5,5,5,14,Female,White / Caucasian,No,47.9,23.4,B,-0.10959,7,19,26,36,42,43,44,44,45,,,,,,,,9,39,5,5,5,40.35,23.66
s265,A,0.845743333,18,35,42,42,45,,,,,,,,,,,,5,34,4,5,5,16,Male,White / Caucasian,No,80.21,25.69,B,-0.78015,1,5,12,22,27,38,38,43,44,45,,,,,,,10,31,2,5,5,109.32,26.6
s266,B,-0.650276667,6,11,20,27,28,31,34,35,36,39,42,44,45,,,,13,35,5,5,4,17,Male,White / Caucasian,No,62.38,19.43,A,-1.05603,3,8,12,20,25,30,35,38,40,42,43,44,45,,,,13,31,4,4,4,55.46,33.57
s267,A,0.28741,5,13,26,39,40,45,,,,,,,,,,,6,39,5,5,5,,Female,White / Caucasian,No,41.76,24.62,B,0.24394,7,16,26,33,39,44,45,,,,,,,,,,7,42,5,5,5,41.46,30.95
s268,B,-1.13793,6,9,15,17,22,24,29,33,33,37,39,41,42,44,45,,15,29,5,4,5,16,Female,White / Caucasian,No,62.96,24.75,A,-0.93279,5,9,14,25,28,33,35,39,42,43,44,45,,,,,12,29,5,4,5,52.41,42.05
s269,A,0.226623333,8,24,30,38,43,45,,,,,,,,,,,6,34,4,4,5,16,Female,White / Caucasian,No,38.03,23.59,B,-0.40975,9,18,28,32,35,41,43,45,,,,,,,,,8,26,4,4,5,42.12,45.81
s270,A,-1.525766667,1,5,13,20,26,30,33,35,,40,40,43,44,45,,,14,23,3,4,5,16,Female,White / Caucasian,No,65.42,20.78,B,-1.35197,7,12,17,24,30,34,38,40,42,42,44,45,,,,,12,16,3,4,5,73.54,53.13
s271,B,0.521956667,12,21,30,39,43,43,45,,,,,,,,,,7,39,4,5,5,16,Female,White / Caucasian,No,59.61,48.66,A,0.48688,11,20,29,35,42,45,,,,,,,,,,,6,41,4,3,5,38.98,33.07
s272,B,0.313166667,7,18,25,33,40,44,45,,,,,,,,,,7,40,4,4,5,18,Female,Black / African American,No,45.29,40.04,A,0.12913,9,22,27,33,39,44,44,45,,,,,,,,,8,40,4,4,5,40.82,57.8
s273,A,0.61249,14,24,36,39,44,45,,,,,,,,,,,6,36,4,4,5,14,Female,Black / African American,No,43.54,23.59,B,0.40845,12,25,35,37,42,44,45,,,,,,,,,,7,41,,4,5,47.24,19.68
s274,A,-0.083953333,9,19,25,32,35,43,44,45,,,,,,,,,8,31,3,5,5,13,Female,White / Caucasian,No,47.46,18.86,B,-0.26566,6,13,26,31,34,36,41,43,45,,,,,,,,9,36,3,5,5,63.81,44.16
s275,B,-0.84248,4,19,27,34,38,41,44,45,,,,,,,,,8,19,5,5,5,14,Male,Black / African American,Yes,59.41,24.79,A,1.5881,37,43,44,45,,,,,,,,,,,,,4,36,5,5,5,35.01,24.76
s276,B,1.041323333,16,31,40,43,45,,,,,,,,,,,,5,41,4,4,5,19,Female,Black / African American,No,36.89,27.27,A,0.68289,11,28,41,44,45,,,,,,,,,,,,5,43,4,2,5,31.79,29.01
s277,A,0.026373333,11,21,33,35,40,43,43,43,45,,,,,,,,9,34,5,3,5,12,Female,White / Caucasian,No,42.89,23.78,B,-0.87886,14,22,27,31,36,41,43,43,43,44,44,44,45,,,,13,24,5,5,5,63.16,55.57
s278,A,-0.33048,9,23,26,32,34,35,37,38,41,43,44,44,45,,,,13,39,4,3,4,25,Male,White / Caucasian,Yes,58.96,20.65,B,0.37762,19,31,36,38,43,43,43,44,45,,,,,,,,9,39,5,3,4,61.84,54.55
s279,A,0.57285,9,19,33,40,44,45,,,,,,,,,,,6,41,5,3,5,14,Female,White / Caucasian,No,37.86,23.84,B,0.39935,6,20,29,38,43,45,,,,,,,,,,,6,44,5,3,5,39.81,22.28
s280,A,-0.125563333,5,15,24,32,38,44,45,,,,,,,,,,7,32,4,5,5,19,Female,White / Caucasian,No,44,20.37,B,-0.32999,12,22,27,32,38,38,42,43,45,,,,,,,,9,28,5,5,5,45.48,33.15
s281,B,-0.359493333,5,11,19,25,33,38,43,44,45,,,,,,,,9,32,3,4,3,14,Male,White / Caucasian,No,48.8,27.83,A,-0.57781,4,11,19,31,38,42,44,44,45,,,,,,,,9,30,3,4,4,43.42,52.68